Title,Author,Format-Year
Spanish Romance Stories for Language Learning,N/A,N/A
Welcome to Learning Spanish,N/A,N/A
Real-World Spanish: The Conversation Learning System,N/A,N/A
Learning Spanish-beginner I,N/A,N/A
100 Facts About Learning Spanish,N/A,N/A
A Beginner's Guide to Learning Spanish,N/A,N/A
The Ultimate Learning Spanish Blueprint - 10 Essential Steps,N/A,N/A
No Tears Spanish Grammar: Easy Learning: Essential Rules for Beginners,N/A,N/A
100 Facts About Learning Spanish,N/A,N/A
Learning Spanish for Adults Beginner,N/A,N/A
Learning to Read in English and Spanish Made Easy,N/A,N/A
Spanish for Beginners: A Comprehensive Guide for Learning the Spanish Language Fast,N/A,N/A
"Spanish: Beginner's Step by Step Course to Quickly Learning the Spanish Language, Spanish Grammar &",N/A,N/A
Learn Spanish Like a Native for Beginners - Level 1: Learning Spanish in Your Car Has Never Been Eas,N/A,N/A
Learn Spanish Like a Native for Beginners - Level 2: Learning Spanish in Your Car Has Never Been Eas,N/A,N/A
I'm Learning Spanish,N/A,N/A
I am learning Spanish,N/A,N/A
The Best Spanish Learning Games for Children,N/A,N/A
Easy Learning Spanish Vocabulary,N/A,N/A
Spanish Easy Learning Complete Course,N/A,N/A
